"","Status","Exposure.Location","Street","Suburb","Date","Arrival.Time","Departure.Time","Contact","lat","lon","doubles","moved","colsN","conDate","locName","datNum","weekname","contactcount"
"1","New","United Petroleum Amaroo","Katherine and Horse Park Drive","Amaroo","05/09/2021 - Sunday","12:20pm","1:00pm","Monitor",-35.1644054,149.131181,NA,FALSE,"blue",2021-09-05,"Amaroo",5,36,4
"2","New","Woolworths Gungahlin","30 Hibberson Street","Gungahlin","05/09/2021 - Sunday","12:50pm","2:00pm","Casual",-35.1846274,149.1339891,"<strong/>!Location has more than<br> one entry. Zoom in and search table!</strong/>",TRUE,"yellow",2021-09-05,"Gungahlin",5,36,19
"3","New","Metro Petroleum Mitchell","Lysaght Street","Mitchell","04/09/2021 - Saturday","3:15pm","3:50pm","Monitor",-35.2154233,149.1425108,NA,FALSE,"blue",2021-09-04,"Mitchell",4,36,4
"4","New","TSG Jamison","Jamison Plaza, Bowman Street","Macquarie","04/09/2021 - Saturday","10:30am","11:30am","Monitor",-35.2524401,149.070671,NA,FALSE,"blue",2021-09-04,"Macquarie",4,36,5
"5","New","Australia War Memorial (Construction Site)","Treloar Crescent","Campbell","03/09/2021 - Friday","11:20am","12:30pm","Casual",-35.2811355,149.1484327,NA,FALSE,"yellow",2021-09-03,"Campbell",3,36,8
"6","New","Capital Chemist Dickson","2/6 Dickson Place","Dickson","03/09/2021 - Friday","1:45pm","2:30pm","Monitor",-35.25042,149.1388023,NA,FALSE,"blue",2021-09-03,"Dickson",3,36,14
"7","New","Woolworths Dickson","1 Dickson Place","Dickson","03/09/2021 - Friday","11:30am","1:00pm","Casual",-35.249974,149.1386501,NA,FALSE,"yellow",2021-09-03,"Dickson",3,36,14
"8",NA,"Commonwealth Bank Woden","Shop 003A/6 Westfield Woden, Keltie Street","Phillip","03/09/2021 - Friday","2:50pm","3:40pm","Monitor",-35.3451374,149.0861785,NA,FALSE,"blue",2021-09-03,"Phillip",3,36,33
"9",NA,"Hip Pocket Workwear & Safety","Shop 1, The Paul's Centre, Hindmarsh Drive","Phillip","03/09/2021 - Friday","10:40am","11:30am","Casual",-35.3495811,149.0863604,NA,FALSE,"yellow",2021-09-03,"Phillip",3,36,33
"10",NA,"Westfield Woden","Westfield Woden, Keltie Street","Phillip","03/09/2021 - Friday","2:50pm","3:50pm","Monitor",-35.3463199,149.0861576,NA,FALSE,"blue",2021-09-03,"Phillip",3,36,33
"11",NA,"Westfield Woden Food Court","Keltie Street","Phillip","03/09/2021 - Friday","3:00pm","4:00pm","Monitor",-35.3463199,149.0861326,"<strong/>!Location has more than<br> one entry. Zoom in and search table!</strong/>",TRUE,"blue",2021-09-03,"Phillip",3,36,33
"12",NA,"Woolworths Dickson","1 Dickson Place","Dickson","03/09/2021 - Friday","1:50pm","2:30pm","Monitor",-35.249974,149.1387001,NA,FALSE,"blue",2021-09-03,"Dickson",3,36,14
"13",NA,"Woolworths Woden","Westfield Woden, Keltie Street","Phillip","03/09/2021 - Friday","2:50pm","3:50pm","Monitor",-35.3463199,149.0861076,"<strong/>!Location has more than<br> one entry. Zoom in and search table!</strong/>",TRUE,"blue",2021-09-03,"Phillip",3,36,33
"14","New","Jamison Plaza News","Jamison Plaza, Bowman Street","Macquarie","03/09/2021 - Friday","2:00pm","2:50pm","Monitor",-35.2528357,149.0717786,"<strong/>!Location has more than<br> one entry. Zoom in and search table!</strong/>",TRUE,"blue",2021-09-03,"Macquarie",3,36,5
"15","New","Nandos Canberra Centre","Shop FG1, Canberra Centre, 125 Bunda Street","Canberra City","03/09/2021 - Friday","2:50pm","3:30pm","Monitor",-35.2779316,149.1330306,"<strong/>!Location has more than<br> one entry. Zoom in and search table!</strong/>",TRUE,"blue",2021-09-03,"Canberra City",3,36,21
"16","New","ALDI Gungahlin","Hibberson Street","Gungahlin","02/09/2021 - Thursday","10:30am","11:30am","Casual",-35.1853494,149.1362128,"<strong/>!Location has more than<br> one entry. Zoom in and search table!</strong/>",TRUE,"yellow",2021-09-02,"Gungahlin",2,35,19
"17",NA,"Australia Post Woden","Shop 4/15 Bowes Place","Phillip","02/09/2021 - Thursday","4:40pm","5:00pm","Casual",-35.3443954,149.0857209,NA,FALSE,"yellow",2021-09-02,"Phillip",2,35,33
"18",NA,"BP Phillip","166 Melrose Drive","Phillip","02/09/2021 - Thursday","12:30pm","1:00pm","Monitor",-35.3509,149.085275,NA,FALSE,"blue",2021-09-02,"Phillip",2,35,33
"19",NA,"Bunnings Gungahlin","10 Gribble Street","Gungahlin","02/09/2021 - Thursday","12:45pm","1:45pm","Monitor",-35.1838713,149.1302889,NA,FALSE,"blue",2021-09-02,"Gungahlin",2,35,19
"20",NA,"Busy Bees at the Park","37 Brindabella Circuit","Canberra Airport","02/09/2021 - Thursday","7:40am","5:30pm","Close",-35.311138,149.187801,NA,FALSE,"red",2021-09-02,"Canberra Airport",2,35,6
"21",NA,"Caltex Canberra Airport","Canberra Airport, 1/3 Rogan Street","Pialligo","02/09/2021 - Thursday","12:10pm","12:55pm","Monitor",-35.3094947,149.1880721,NA,FALSE,"blue",2021-09-02,"Pialligo",2,35,4
"22",NA,"Caltex Canberra Airport","Canberra Airport, 1/3 Rogan Street","Pialligo","02/09/2021 - Thursday","9:15am","9:50am","Monitor",-35.3094947,149.1880221,NA,FALSE,"blue",2021-09-02,"Pialligo",2,35,4
"23",NA,"Caltex Mitchell","116 Lysaght Street","Mitchell","02/09/2021 - Thursday","8:45pm","9:30pm","Monitor",-35.215026,149.139901,NA,FALSE,"blue",2021-09-02,"Mitchell",2,35,4
"24",NA,"Coles Woden","Westfield Woden, Keltie Street","Phillip","02/09/2021 - Thursday","5:10pm","6:00pm","Monitor",-35.3468528,149.0853278,NA,FALSE,"blue",2021-09-02,"Phillip",2,35,33
"25",NA,"Cooleman Court Shopping Centre","Brierly Street","Weston","02/09/2021 - Thursday","2:15pm","3:00pm","Monitor",-35.3412617,149.0526936,NA,FALSE,"blue",2021-09-02,"Weston",2,35,16
"26",NA,"Mr Sushi Cooleman Court Shopping Centre","Brierly Street","Weston","02/09/2021 - Thursday","2:30pm","3:00pm","Monitor",-35.3412617,149.0526686,NA,FALSE,"blue",2021-09-02,"Weston",2,35,16
"27",NA,"The Scholar Yum Cha & Seafood Chinese Restaurant","23 Woolley Street","Dickson","02/09/2021 - Thursday","5:00pm","6:00pm","Monitor",-35.2505556,149.1364139,NA,FALSE,"blue",2021-09-02,"Dickson",2,35,14
"28",NA,"Woolworths Dickson","1 Dickson Place","Dickson","02/09/2021 - Thursday","8:00am","9:30am","Casual",-35.249974,149.1386751,NA,FALSE,"yellow",2021-09-02,"Dickson",2,35,14
"29",NA,"Woolworths Gungahlin","30 Hibberson Street","Gungahlin","02/09/2021 - Thursday","10:25am","11:10am","Monitor",-35.1846274,149.1340391,"<strong/>!Location has more than<br> one entry. Zoom in and search table!</strong/>",TRUE,"blue",2021-09-02,"Gungahlin",2,35,19
"30","New","Coles Belconnen","Westfield Belconnen, Benjamin Way","Belconnen","01/09/2021 - Wednesday","8:15am","9:00am","Casual",-35.2380765,149.0650922,"<strong/>!Location has more than<br> one entry. Zoom in and search table!</strong/>",TRUE,"yellow",2021-09-01,"Belconnen",1,35,21
"31","New","Coles Canberra Centre","Canberra Centre, 148 Bunda Street","Canberra City","01/09/2021 - Wednesday","2:40pm","3:30pm","Casual",-35.2802271,149.1333559,"<strong/>!Location has more than<br> one entry. Zoom in and search table!</strong/>",TRUE,"yellow",2021-09-01,"Canberra City",1,35,21
"32","New","Woolworths Metro Franklin","51 Nullarbor Avenue, Corner Flemington Road","Franklin","01/09/2021 - Wednesday","8:00am","8:50am","Casual",-35.2000983,149.1488768,NA,FALSE,"yellow",2021-09-01,"Franklin",1,35,2
"33",NA,"Costco Canberra","39-41 Mustang Avenue","Canberra Airport","01/09/2021 - Wednesday","10:15am","12:10pm","Casual",-35.2972375,149.1905839,NA,FALSE,"yellow",2021-09-01,"Canberra Airport",1,35,6
"34",NA,"7-Eleven Holt","88 Hardwick Crescent","Holt","01/09/2021 - Wednesday","2:15pm","3:00pm","Monitor",-35.2209147,149.0178943,NA,FALSE,"blue",2021-09-01,"Holt",1,35,15
"35",NA,"7-Eleven Mawson","1 Mawson Place","Mawson","01/09/2021 - Wednesday","7:20pm","8:00pm","Monitor",-35.365172,149.0936623,NA,FALSE,"blue",2021-09-01,"Mawson",1,35,10
"36",NA,"Al Manoosh Bakery","47 Mawson Place","Mawson","01/09/2021 - Wednesday","8:50am","9:20am","Monitor",-35.3654919,149.0949976,NA,FALSE,"blue",2021-09-01,"Mawson",1,35,10
"37",NA,"ALDI Amaroo","12 Pioneer Street","Amaroo","01/09/2021 - Wednesday","4:45pm","5:30pm","Casual",-35.1652442,149.132432,NA,FALSE,"yellow",2021-09-01,"Amaroo",1,35,4
"38",NA,"ALDI Belconnen","Westfield Belconnen, Benjamin Way","Belconnen","01/09/2021 - Wednesday","7:00pm","7:30pm","Monitor",-35.2380765,149.0650422,"<strong/>!Location has more than<br> one entry. Zoom in and search table!</strong/>",TRUE,"blue",2021-09-01,"Belconnen",1,35,21
"39",NA,"Ampol Foodary Calwell","Were Street","Calwell","01/09/2021 - Wednesday","9:30am","10:00am","Monitor",-35.4347448,149.1124982,NA,FALSE,"blue",2021-09-01,"Calwell",1,35,3
"40",NA,"Australia Post Woden","Shop 4/15 Bowes Place","Phillip","01/09/2021 - Wednesday","4:40pm","5:00pm","Casual",-35.3443954,149.0856709,NA,FALSE,"yellow",2021-09-01,"Phillip",1,35,33
"41",NA,"Belco Halal Kebabs and Pizzeria","Westfield Belconnen, Belconnen Way","Belconnen","01/09/2021 - Wednesday","12:15pm","12:45pm","Monitor",-35.2374453,149.0630674,NA,FALSE,"blue",2021-09-01,"Belconnen",1,35,21
"42",NA,"Bunnings Belconnen","15 Lathlain Street","Belconnen","01/09/2021 - Wednesday","5:00pm","6:00pm","Monitor",-35.2444848,149.0638128,NA,FALSE,"blue",2021-09-01,"Belconnen",1,35,21
"43",NA,"Busy Bees Childcare","37 Brindabella Circuit","Canberra Airport","01/09/2021 - Wednesday","7:45am","1:15pm","Close",-35.311138,149.187726,NA,FALSE,"red",2021-09-01,"Canberra Airport",1,35,6
"44",NA,"Caltex Conder","Tharwa Drive","Conder","01/09/2021 - Wednesday","11:30am","1:00pm","Monitor",-35.4582538,149.0917041,NA,FALSE,"blue",2021-09-01,"Conder",1,35,14
"45",NA,"Capital Chemist Chisholm","42 Halley Street","Chisholm","01/09/2021 - Wednesday","2:00pm","2:30pm","Monitor",-35.4140323,149.1285728,NA,FALSE,"blue",2021-09-01,"Chisholm",1,35,13
"46",NA,"Caremore Pharmacy Kippax","8 Hardwick Crescent","Holt","01/09/2021 - Wednesday","1:45pm","2:45pm","Monitor",-35.221893,149.0195783,NA,FALSE,"blue",2021-09-01,"Holt",1,35,15
"47",NA,"Cellarbrations Belconnen","Luxton Street and Josephson Street","Belconnen","01/09/2021 - Wednesday","12:00pm","12:30pm","Monitor",-35.2363189,149.0595235,NA,FALSE,"blue",2021-09-01,"Belconnen",1,35,21
"48",NA,"Chargrilld Eatery and Pizza Bar","1/59 Cameron Avenue","Belconnen","01/09/2021 - Wednesday","8:00am","8:45am","Monitor",-35.2409706,149.0709465,NA,FALSE,"blue",2021-09-01,"Belconnen",1,35,21
"49",NA,"Coles Belconnen","Westfield Belconnen, Benjamin Way","Belconnen","01/09/2021 - Wednesday","11:30am","12:45pm","Casual",-35.2380765,149.0650922,NA,FALSE,"yellow",2021-09-01,"Belconnen",1,35,21
"50",NA,"Coles Chisholm","42 Halley Street","Chisholm","01/09/2021 - Wednesday","2:00pm","3:00pm","Casual",-35.4141067,149.1281169,NA,FALSE,"yellow",2021-09-01,"Chisholm",1,35,13
"51",NA,"Coles Jamison","Jamison Plaza, Bowman Street","Macquarie","01/09/2021 - Wednesday","10:00am","11:00am","Monitor",-35.2528076,149.0713098,NA,FALSE,"blue",2021-09-01,"Macquarie",1,35,5
"52",NA,"Coles Kaleen","1 Maribyrnong Avenue","Kaleen","01/09/2021 - Wednesday","1:30pm","2:30pm","Monitor",-35.2202787,149.1028478,NA,FALSE,"blue",2021-09-01,"Kaleen",1,35,3
"53",NA,"Dickson Woolworths","1 Dickson Place","Dickson","01/09/2021 - Wednesday","5:45pm","6:45pm","Monitor",-35.249974,149.1386001,NA,FALSE,"blue",2021-09-01,"Dickson",1,35,14
"54",NA,"Friendly Grocer Narrabundah","6 Iluka Street","Narrabundah","01/09/2021 - Wednesday","9:35am","10:25am","Monitor",-35.3325783,149.1539734,NA,FALSE,"blue",2021-09-01,"Narrabundah",1,35,4
"55",NA,"Kippax Shopping Centre","26 Hardwick Crescent","Holt","01/09/2021 - Wednesday","1:45pm","3:00pm","Monitor",-35.2218013,149.0193363,NA,FALSE,"blue",2021-09-01,"Holt",1,35,15
"56",NA,"La Cantina","4 Iluka Street","Narrabundah","01/09/2021 - Wednesday","7:55pm","8:40pm","Monitor",-35.3324961,149.1541862,NA,FALSE,"blue",2021-09-01,"Narrabundah",1,35,4
"57",NA,"Lanyon Pharmacy","Lanyon Marketplace, 4 Sidney Nolan Street","Conder","01/09/2021 - Wednesday","1:30pm","2:10pm","Monitor",-35.4574587,149.0925555,NA,FALSE,"blue",2021-09-01,"Conder",1,35,14
"58",NA,"Narrabundah Pharmacy and Post Office","18 Iluka Street","Narrabundah","01/09/2021 - Wednesday","1:30pm","3:00pm","Monitor",-35.3328701,149.1538091,NA,FALSE,"blue",2021-09-01,"Narrabundah",1,35,4
"59",NA,"NewsExpress Kippax Fair","26 Hardwick Crescent","Holt","01/09/2021 - Wednesday","2:10pm","3:00pm","Monitor",-35.2218013,149.0194363,"<strong/>!Location has more than<br> one entry. Zoom in and search table!</strong/>",TRUE,"blue",2021-09-01,"Holt",1,35,15
"60",NA,"St George Bank Fyshwick (ATM)","58 Wollongong Street","Fyshwick","01/09/2021 - Wednesday","3:35pm","4:35pm","Monitor",-35.3248873,149.1798289,NA,FALSE,"blue",2021-09-01,"Fyshwick",1,35,19
"61",NA,"The Scholar Yum Cha & Seafood Chinese Restaurant","23 Woolley Street","Dickson","01/09/2021 - Wednesday","5:00pm","6:00pm","Monitor",-35.2505556,149.1363639,NA,FALSE,"blue",2021-09-01,"Dickson",1,35,14
"62",NA,"Woolworths Conder","Lanyon Marketplace, 4 Sidney Nolan Street","Conder","01/09/2021 - Wednesday","1:30pm","2:15pm","Monitor",-35.457682,149.0925247,NA,FALSE,"blue",2021-09-01,"Conder",1,35,14
"63",NA,"Woolworths Dickson","1 Dickson Place","Dickson","01/09/2021 - Wednesday","1:45pm","2:40pm","Casual",-35.249974,149.1385501,NA,FALSE,"yellow",2021-09-01,"Dickson",1,35,14
"64",NA,"Woolworths Kippax","24/48 Hardwick Crescent","Holt","01/09/2021 - Wednesday","9:30am","10:30am","Monitor",-35.2228703,149.0201727,NA,FALSE,"blue",2021-09-01,"Holt",1,35,15
"65","New","Kaleen Plaza Pharmacy","Shop 5, Kaleen Shopping Centre, Georgina Crescent","Kaleen","01/09/2021 - Wednesday","6:15pm","7:10pm","Casual",-35.2202187,149.1036482,NA,FALSE,"yellow",2021-09-01,"Kaleen",1,35,3
"66","New","Bus Route 51 Transport Canberra Code BUS560","Lyneham Shops to Dickson Interchange","Public Transport","31/08/2021 - Tuesday","9:15am","9:30am","Casual",-35.250558,149.133764,NA,FALSE,"yellow",2021-08-31,"Public Transport",31,35,16
"67","New","Develins City Chemist","3/4 Garema Place","Canberra City","31/08/2021 - Tuesday","9:20am","10:15am","Casual",-35.2787625,149.1319683,NA,FALSE,"yellow",2021-08-31,"Canberra City",31,35,21
"68",NA,"ALDI Casey","15 Kingsland Parade","Casey","31/08/2021 - Tuesday","10:15am","11:00am","Monitor",-35.17447,149.0960199,NA,FALSE,"blue",2021-08-31,"Casey",31,35,10
"69",NA,"Baby Bunting Belconnen","Westfield Belconnen, Benjamin Way","Belconnen","31/08/2021 - Tuesday","12:30pm","1:00pm","Monitor",-35.2380765,149.0649922,"<strong/>!Location has more than<br> one entry. Zoom in and search table!</strong/>",TRUE,"blue",2021-08-31,"Belconnen",31,35,21
"70",NA,"Bidfood Canberra","16 Mildura Street","Fyshwick","31/08/2021 - Tuesday","5:30am","12:30pm","Casual",-35.3226824,149.1526102,NA,FALSE,"yellow",2021-08-31,"Fyshwick",31,35,19
"71",NA,"Bus Route 61 Transport Canberra Code BUS359","Woden Interchange to Phillip","Public Transport","31/08/2021 - Tuesday","7:46pm","7:50pm","Casual",-35.3444429,149.0871442,NA,FALSE,"yellow",2021-08-31,"Public Transport",31,35,16
"72",NA,"Bus Route 66 Transport Canberra Code BUS355","Denman Prospect to Woden Interchange","Public Transport","31/08/2021 - Tuesday","7:27pm","7:43pm","Casual",-35.3444429,149.0871942,NA,FALSE,"yellow",2021-08-31,"Public Transport",31,35,16
"73",NA,"Busy Bees at the Park","37 Brindabella Circuit","Canberra Airport","31/08/2021 - Tuesday","7:40am","6:30pm","Close",-35.311138,149.187701,NA,FALSE,"red",2021-08-31,"Canberra Airport",31,35,6
"74",NA,"BWS Dickson (Wolley Street)","u1/38 Woolley Street","Dickson","31/08/2021 - Tuesday","5:10pm","6:00pm","Monitor",-35.2500438,149.1375277,NA,FALSE,"blue",2021-08-31,"Dickson",31,35,14
"75",NA,"Caffe Cherry Beans Majura Park","Majura Park Shopping Centre, 18/26 Spitfire Avenue","Canberra Airport","31/08/2021 - Tuesday","8:45am","9:40am",NA,-35.3004066,149.19043,NA,FALSE,NA,2021-08-31,"Canberra Airport",31,35,6
"76",NA,"Caltex Canberra Airport","Canberra Airport, 1/3 Rogan Street","Pialligo","31/08/2021 - Tuesday","12:30pm","13:15pm","Monitor",-35.3094947,149.1879721,NA,FALSE,"blue",2021-08-31,"Pialligo",31,35,4
"77",NA,"Casey Market Town","15 Kingsland Parade","Casey","31/08/2021 - Tuesday","10:15am","11:00am","Monitor",-35.17447,149.0960449,NA,FALSE,"blue",2021-08-31,"Casey",31,35,10
"78",NA,"Centrelink - Braddon Service Centre","13 Lonsdale Street","Braddon","31/08/2021 - Tuesday","1:50pm","2:45pm","Casual",-35.2742354,149.1323115,NA,FALSE,"yellow",2021-08-31,"Braddon",31,35,5
"79",NA,"Centrelink - Braddon Service Centre","13 Lonsdale Street","Braddon","31/08/2021 - Tuesday","12:50pm","1:30pm","Monitor",-35.2742521,149.1324534,NA,FALSE,"blue",2021-08-31,"Braddon",31,35,5
"80",NA,"Centrelink - Woden Service Centre","2-6 Bowes Street","Phillip","31/08/2021 - Tuesday","8:50am","9:30am","Casual",-35.3428423,149.0858605,NA,FALSE,"yellow",2021-08-31,"Phillip",31,35,33
"81",NA,"Coles Woden","Westfield Woden, Keltie Street","Phillip","31/08/2021 - Tuesday","11:50am","12:30pm","Monitor",-35.3468528,149.0852778,NA,FALSE,"blue",2021-08-31,"Phillip",31,35,33
"82",NA,"Cooleman Court Shopping Centre","Brierly Street","Weston","31/08/2021 - Tuesday","12:00pm","1:00pm","Monitor",-35.3412617,149.0527436,NA,FALSE,"blue",2021-08-31,"Weston",31,35,16
"83",NA,"Cooleman Court Shopping Centre - Public Toilets","Brierly Street","Weston","31/08/2021 - Tuesday","12:15pm","12:45pm","Casual",-35.3412617,149.0527186,NA,FALSE,"yellow",2021-08-31,"Weston",31,35,16
"84",NA,"Dan Murphy's Dickson","44 Dickson Place","Dickson","31/08/2021 - Tuesday","5:45pm","6:30pm","Monitor",-35.2504152,149.1401934,NA,FALSE,"blue",2021-08-31,"Dickson",31,35,14
"85",NA,"Florey Pharmacy","2 Kesteven Street","Florey","31/08/2021 - Tuesday","3:30pm","4:30pm","Monitor",-35.2263018,149.0544405,NA,FALSE,"blue",2021-08-31,"Florey",31,35,4
"86",NA,"Friendly Grocer Narrabundah","6 Iluka Street","Narrabundah","31/08/2021 - Tuesday","7:25pm","8:10pm","Monitor",-35.3325783,149.1539234,NA,FALSE,"blue",2021-08-31,"Narrabundah",31,35,4
"87",NA,"IGA X-press Swinger Hill","84 Ainsworth Street","Mawson","31/08/2021 - Tuesday","5:10pm","6:00pm","Monitor",-35.3554427,149.0984194,NA,FALSE,"blue",2021-08-31,"Mawson",31,35,10
"88",NA,"Million Dollar Kiosk","Westfield Belconnen, Benjamin Way","Belconnen","31/08/2021 - Tuesday","12:30pm","1:00pm","Monitor",-35.2382585,149.0655129,NA,FALSE,"blue",2021-08-31,"Belconnen",31,35,21
"89",NA,"Westfield Belconnen","Westfield Belconnen, Benjamin Way","Belconnen","31/08/2021 - Tuesday","12:30pm","1:00pm","Monitor",-35.2380765,149.0649922,NA,FALSE,"blue",2021-08-31,"Belconnen",31,35,21
"90",NA,"Westfield Woden","Westfield Woden, Keltie Street","Phillip","31/08/2021 - Tuesday","11:50am","12:30pm","Monitor",-35.3463199,149.0860576,"<strong/>!Location has more than<br> one entry. Zoom in and search table!</strong/>",TRUE,"blue",2021-08-31,"Phillip",31,35,33
"91",NA,"Woolworths Gungahlin","30 Hibberson Street","Gungahlin","31/08/2021 - Tuesday","5:45pm","6:50pm","Casual",-35.1846274,149.1339891,"<strong/>!Location has more than<br> one entry. Zoom in and search table!</strong/>",TRUE,"yellow",2021-08-31,"Gungahlin",31,35,19
"92",NA,"Woolworths Mawson","15 Mawson Place","Mawson","31/08/2021 - Tuesday","5:15pm","6:10pm","Monitor",-35.3661449,149.0947196,NA,FALSE,"blue",2021-08-31,"Mawson",31,35,10
"93",NA,"Woolworths Metro","1/6 Grazier Lane","Belconnen","31/08/2021 - Tuesday","3:15pm","4:00pm","Monitor",-35.2401725,149.0719813,NA,FALSE,"blue",2021-08-31,"Belconnen",31,35,21
"94","New","Kinn Thai Restaurant","125 Bunda Street","Canberra City","30/08/2021 - Monday","4:40pm","9:30pm","Casual",-35.2778002,149.1326451,NA,FALSE,"yellow",2021-08-30,"Canberra City",30,35,21
"95",NA,"7-Eleven Erindale","76 Gartside Street","Wanniassa","30/08/2021 - Monday","1:00pm","1:30pm","Monitor",-35.4054226,149.1012591,NA,FALSE,"blue",2021-08-30,"Wanniassa",30,35,10
"96",NA,"7-Eleven Mawson","1 Mawson Place","Mawson","30/08/2021 - Monday","2:00pm","2:40pm","Monitor",-35.365172,149.0937123,NA,FALSE,"blue",2021-08-30,"Mawson",30,35,10
"97",NA,"ALDI Casey","15 Kingsland Parade","Casey","30/08/2021 - Monday","2:15pm","3:00pm","Monitor",-35.17447,149.0959199,NA,FALSE,"blue",2021-08-30,"Casey",30,35,10
"98",NA,"ALDI Gungahlin","Hibberson Street","Gungahlin","30/08/2021 - Monday","12:40pm","1:30pm","Monitor",-35.1853494,149.1361628,"<strong/>!Location has more than<br> one entry. Zoom in and search table!</strong/>",TRUE,"blue",2021-08-30,"Gungahlin",30,35,19
"99",NA,"Belco Halal Kebabs and Pizzeria","Westfield Belconnen, Belconnen Way","Belconnen","30/08/2021 - Monday","1:00pm","2:00pm","Monitor",-35.2374453,149.0631174,NA,FALSE,"blue",2021-08-30,"Belconnen",30,35,21
"100",NA,"Bidfood Canberra","16 Mildura Street","Fyshwick","30/08/2021 - Monday","5:30am","12:30pm","Casual",-35.3226824,149.1526602,NA,FALSE,"yellow",2021-08-30,"Fyshwick",30,35,19
"101",NA,"Bridgestone Select Tuggeranong","182 Scollay Street","Greenway","30/08/2021 - Monday","9:50am","10:50am","Monitor",-35.4202315,149.0676951,NA,FALSE,"blue",2021-08-30,"Greenway",30,35,13
"102",NA,"Bus Route 65 Transport Canberra Code BUS607","Woden Interchange to Cooleman Court","Public Transport","30/08/2021 - Monday","1:25pm","1:38pm","Casual",-35.3444429,149.0873442,NA,FALSE,"yellow",2021-08-30,"Public Transport",30,35,16
"103",NA,"Bus Route 66 Transport Canberra Code BUS492","Denman Prospect to Woden Interchange","Public Transport","30/08/2021 - Monday","8:21pm","8:38pm","Casual",-35.3444429,149.0872942,NA,FALSE,"yellow",2021-08-30,"Public Transport",30,35,16
"104",NA,"Bus Route 7 Transport Canberra Code BUS710","Cooleman Court to City Interchange","Public Transport","30/08/2021 - Monday","10:39pm","11:03pm","Casual",-35.2784467,149.1304044,NA,FALSE,"yellow",2021-08-30,"Public Transport",30,35,16
"105",NA,"Bus Route 70 Transport Canberra Code BUS376","Cooleman Court to Woden Interchange","Public Transport","30/08/2021 - Monday","1:57pm","2:07pm","Casual",-35.3444429,149.0872692,NA,FALSE,"yellow",2021-08-30,"Public Transport",30,35,16
"106",NA,"Bus Route 71 Transport Canberra Code BUS601","Woden Interchange to Cooleman Court","Public Transport","30/08/2021 - Monday","8:42pm","8:49pm","Casual",-35.3444429,149.0872442,NA,FALSE,"yellow",2021-08-30,"Public Transport",30,35,16
"107",NA,"Busy Bees at the Park","37 Brindabella Circuit","Canberra Airport","30/08/2021 - Monday","7:40am","6:20pm","Close",-35.311138,149.187651,NA,FALSE,"red",2021-08-30,"Canberra Airport",30,35,6
"108",NA,"Caltex Canberra Airport","Canberra Airport, 1/3 Rogan Street","Pialligo","30/08/2021 - Monday","1:00pm","1:50pm","Monitor",-35.3094947,149.1879221,NA,FALSE,"blue",2021-08-30,"Pialligo",30,35,4
"109",NA,"Canberra Centre","Canberra Centre, 148 Bunda Street","Canberra City","30/08/2021 - Monday","11:30am","7:30pm","Monitor",-35.2802271,149.1333059,"<strong/>!Location has more than<br> one entry. Zoom in and search table!</strong/>",TRUE,"blue",2021-08-30,"Canberra City",30,35,21
"110",NA,"Canberra Centre- Men's Public Toilets (adjacent to Dangerfield)","Canberra Centre, 148 Bunda Street","Canberra City","30/08/2021 - Monday","11:30am","12:00pm","Monitor",-35.2802271,149.1333059,NA,FALSE,"blue",2021-08-30,"Canberra City",30,35,21
"111",NA,"Casey Market Town","15 Kingsland Parade","Casey","30/08/2021 - Monday","2:15pm","3:00pm","Monitor",-35.17447,149.0959449,NA,FALSE,"blue",2021-08-30,"Casey",30,35,10
"112",NA,"Chargrilld Eatery and Pizza Bar","1/59 Cameron Avenue","Belconnen","30/08/2021 - Monday","7:00pm","7:45pm","Monitor",-35.2409706,149.0709965,NA,FALSE,"blue",2021-08-30,"Belconnen",30,35,21
"113",NA,"Chisholm Newsagency and Post Office","Shop 6, Chisholm Village Shopping Centre, 42 Halley Street","Chisholm","30/08/2021 - Monday","2:20pm","3:00pm","Casual",-35.4140008,149.1282707,NA,FALSE,"yellow",2021-08-30,"Chisholm",30,35,13
"114",NA,"Coles Chisholm","42 Halley Street","Chisholm","30/08/2021 - Monday","1:45pm","3:00pm","Casual",-35.4141067,149.1283669,NA,FALSE,"yellow",2021-08-30,"Chisholm",30,35,13
"115",NA,"Coles Express Dickson","30-34 Antill Street","Dickson","30/08/2021 - Monday","1:30pm","2:30pm","Monitor",-35.2490871,149.137626,NA,FALSE,"blue",2021-08-30,"Dickson",30,35,14
"116",NA,"Coles Kaleen","1 Maribyrnong Avenue","Kaleen","30/08/2021 - Monday","4:00pm","4:50pm","Casual",-35.2202787,149.1027978,NA,FALSE,"yellow",2021-08-30,"Kaleen",30,35,3
"117",NA,"Cooleman Court Shopping Centre","Brierly Street","Weston","30/08/2021 - Monday","1:50pm","2:40pm","Monitor",-35.3412617,149.0525936,NA,FALSE,"blue",2021-08-30,"Weston",30,35,16
"118",NA,"Emart Asian Supermarket","Shop 15/45 West Row","Canberra City","30/08/2021 - Monday","1:20pm","2:45pm","Casual",-35.2786733,149.1270662,NA,FALSE,"yellow",2021-08-30,"Canberra City",30,35,21
"119",NA,"First Choice Liquor Gungahlin","46-50 Hibberson Street","Gungahlin","30/08/2021 - Monday","12:50pm","2:00pm","Casual",-35.1866353,149.1368241,NA,FALSE,"yellow",2021-08-30,"Gungahlin",30,35,19
"120",NA,"Florey Pharmacy","2 Kesteven Street","Florey","30/08/2021 - Monday","6:00pm","7:00pm","Monitor",-35.2263018,149.0543905,NA,FALSE,"blue",2021-08-30,"Florey",30,35,4
"121",NA,"IGA Express Nicholls","88 Kellaway Avenue","Nicholls","30/08/2021 - Monday","5:00pm","5:40pm","Monitor",-35.1831589,149.0986612,NA,FALSE,"blue",2021-08-30,"Nicholls",30,35,1
"122",NA,"IGA X-press Palmerston","2/16A Kosciuszko Avenue","Palmerston","30/08/2021 - Monday","11:40am","12:30pm","Monitor",-35.1973821,149.1183036,NA,FALSE,"blue",2021-08-30,"Palmerston",30,35,3
"123",NA,"Kan Sushi & Pok","3/221 London Circuit","Canberra City","30/08/2021 - Monday","11:50am","7:30pm","Casual",-35.2823957,149.132369,NA,FALSE,"yellow",2021-08-30,"Canberra City",30,35,21
"124",NA,"Priceline Pharmacy Gungahlin","126/43 Hibberson Street","Gungahlin","30/08/2021 - Monday","12:20pm","1:20pm","Casual",-35.185676,149.136702,NA,FALSE,"yellow",2021-08-30,"Gungahlin",30,35,19
"125",NA,"Qscan Radiology Clinics Gungahlin","Hibberson Street","Gungahlin","30/08/2021 - Monday","11:05am","12:40pm","Casual",-35.184451,149.1292887,NA,FALSE,"yellow",2021-08-30,"Gungahlin",30,35,19
"126",NA,"SupaExpress Florey","1/26 Kesteven Street","Florey","30/08/2021 - Monday","3:00pm","4:00pm","Monitor",-35.2263914,149.0544019,NA,FALSE,"blue",2021-08-30,"Florey",30,35,4
"127",NA,"SupaExpress Florey","1/26 Kesteven Street","Florey","30/08/2021 - Monday","5:40pm","6:45pm","Casual",-35.2263914,149.0544519,NA,FALSE,"yellow",2021-08-30,"Florey",30,35,4
"128",NA,"Woolworths Charnwood","25-30 Charnwood Place","Charnwood","30/08/2021 - Monday","7:00am","8:20am","Casual",-35.2045295,149.0328578,NA,FALSE,"yellow",2021-08-30,"Charnwood",30,35,1
"129",NA,"Woolworths Mawson","15 Mawson Place","Mawson","30/08/2021 - Monday","9:25pm","10:10pm","Monitor",-35.3661449,149.0946946,NA,FALSE,"blue",2021-08-30,"Mawson",30,35,10
"130",NA,"Woolworths Metro Hawker","Springvale Drive","Hawker","30/08/2021 - Monday","7:30pm","8:20pm","Monitor",-35.2433647,149.0441992,NA,FALSE,"blue",2021-08-30,"Hawker",30,35,4
"131",NA,"Woolworths Weston Creek","Corner Brierly Street and Mahony Court","Weston","30/08/2021 - Monday","1:45pm","2:30pm","Casual",-35.340765,149.052706,NA,FALSE,"yellow",2021-08-30,"Weston",30,35,16
"132",NA,"7-Eleven Braddon","20 Mort Street","Braddon","29/08/2021 - Sunday","5:00pm","5:45pm","Monitor",-35.275691,149.1316658,NA,FALSE,"blue",2021-08-29,"Braddon",29,35,5
"133",NA,"Ainslie Cellars","7 Edgar Street","Ainslie","29/08/2021 - Sunday","2:25pm","3:05pm","Monitor",-35.2622298,149.1451788,NA,FALSE,"blue",2021-08-29,"Ainslie",29,35,2
"134",NA,"Ainslie Cellars","7 Edgar Street","Ainslie","29/08/2021 - Sunday","4:00pm","4:40pm","Monitor",-35.2622298,149.1451288,NA,FALSE,"blue",2021-08-29,"Ainslie",29,35,2
"135",NA,"Aldi Cooleman Court Shopping Centre","Brierly Street","Weston","29/08/2021 - Sunday","11:10am","12:15pm","Casual",-35.3414467,149.0525899,NA,FALSE,"yellow",2021-08-29,"Weston",29,35,16
"136",NA,"ALDI Gungahlin","Hibberson Street","Gungahlin","29/08/2021 - Sunday","6:40pm","7:40pm","Casual",-35.1853494,149.1361378,NA,FALSE,"yellow",2021-08-29,"Gungahlin",29,35,19
"137",NA,"Ampol Petrol Calwell","Were Street","Calwell","29/08/2021 - Sunday","4:40pm","5:20pm","Monitor",-35.4347448,149.1125482,NA,FALSE,"blue",2021-08-29,"Calwell",29,35,3
"138",NA,"Argyle Housing - Ainslie Village","23 Quick Street","Campbell","29/08/2021 - Sunday","12:00am","11:59pm","Close",-35.2749161,149.1491264,NA,FALSE,"red",2021-08-29,"Campbell",29,35,8
"139",NA,"Bidfood Canberra","16 Mildura Street","Fyshwick","29/08/2021 - Sunday","5:30am","12:30pm","Casual",-35.3226824,149.1527102,NA,FALSE,"yellow",2021-08-29,"Fyshwick",29,35,19
"140",NA,"Bus Route 31 Transport Canberra Code BUS664","City Interchange to Braddon (Ainslie Ave)","Public Transport","29/08/2021 - Sunday","9:06pm","9:13pm","Casual",-35.2784467,149.1303544,NA,FALSE,"yellow",2021-08-29,"Public Transport",29,35,16
"141",NA,"Bus Route 53 Transport Canberra Code BUS586","Ainslie (Chisholm St) to Ainslie Shops","Public Transport","29/08/2021 - Sunday","2:24pm","2:28pm","Casual",-35.2809368,149.1300342,NA,FALSE,"yellow",2021-08-29,"Public Transport",29,35,16
"142",NA,"Bus Route 53 Transport Canberra Code BUS645","Ainslie (Campbell St) between Foveaux St and Chisholm St","Public Transport","29/08/2021 - Sunday","5:41pm","5:43pm","Casual",-35.2718945,149.1453308,NA,FALSE,"yellow",2021-08-29,"Public Transport",29,35,16
"143",NA,"Bus Route 64 Transport Canberra Code BUS641","Cooleman Court to Woden Interchange","Public Transport","29/08/2021 - Sunday","8:43am","8:53am","Casual",-35.3444429,149.0871692,NA,FALSE,"yellow",2021-08-29,"Public Transport",29,35,16
"144",NA,"Bus Route 65 Transport Canberra Code BUS641","Woden Interchange to Cooleman Court","Public Transport","29/08/2021 - Sunday","8:00am","8:10am","Casual",-35.3444429,149.0872192,NA,FALSE,"yellow",2021-08-29,"Public Transport",29,35,16
"145",NA,"BWS Weston Creek","Corner Brierly Street and Mahony Court","Weston","29/08/2021 - Sunday","3:30pm","4:10pm","Monitor",-35.3407803,149.052706,NA,FALSE,"blue",2021-08-29,"Weston",29,35,16
"146",NA,"Cafe au Lait Cooleman Court","Brierly Street","Weston","29/08/2021 - Sunday","11:30am","12:30am","Monitor",-35.3412617,149.0525436,NA,FALSE,"blue",2021-08-29,"Weston",29,35,16
"147",NA,"Cooleman Court Shopping Centre","Brierly Street","Weston","29/08/2021 - Sunday","11:00am","12:30pm","Monitor",-35.3412617,149.0526186,NA,FALSE,"blue",2021-08-29,"Weston",29,35,16
"148",NA,"Crust Bakery Cafe, Fyshwick Fresh Food Markets","12 Dalby Street","Fyshwick","29/08/2021 - Sunday","10:40am","11:20am","Monitor",-35.3242106,149.1550872,NA,FALSE,"blue",2021-08-29,"Fyshwick",29,35,19
"149",NA,"Deli Planet, Fyshwick Fresh Food Markets","12 Dalby Street","Fyshwick","29/08/2021 - Sunday","10:45am","11:25am","Monitor",-35.3239903,149.1546295,NA,FALSE,"blue",2021-08-29,"Fyshwick",29,35,19
"150",NA,"Dominos Pizza Erindale","1/20 Gartside Street","Wanniassa","29/08/2021 - Sunday","12:00pm","12:30pm","Monitor",-35.405875,149.0999947,NA,FALSE,"blue",2021-08-29,"Wanniassa",29,35,10
"151",NA,"Fyshwick Fresh Food Markets","36 Mildura Street","Fyshwick","29/08/2021 - Sunday","10:20am","12:00pm","Monitor",-35.3241608,149.1546659,NA,FALSE,"blue",2021-08-29,"Fyshwick",29,35,19
"152",NA,"Fyshwick Halal Poultry, Fyshwick Fresh Food Markets","36 Mildura Street","Fyshwick","29/08/2021 - Sunday","10:35am","11:20am","Monitor",-35.3241608,149.1548159,NA,FALSE,"blue",2021-08-29,"Fyshwick",29,35,19
"153",NA,"IGA Palmerston","2/16A Kosciuszko Avenue","Palmerston","29/08/2021 - Sunday","7:10pm","7:50pm","Monitor",-35.1973821,149.1183286,NA,FALSE,"blue",2021-08-29,"Palmerston",29,35,3
"154",NA,"Ma Ma Dumpling, Fyshwick Fresh Food Markets","36 Mildura Street","Fyshwick","29/08/2021 - Sunday","11:00am","11:40am","Monitor",-35.3241608,149.1547159,NA,FALSE,"blue",2021-08-29,"Fyshwick",29,35,19
"155",NA,"Master Kebabs Wanniassa","50 Denigan Street","Wanniassa","29/08/2021 - Sunday","5:15pm","6:30pm","Monitor",-35.4038975,149.0967517,NA,FALSE,"blue",2021-08-29,"Wanniassa",29,35,10
"156",NA,"McDonalds Conder","Box Hill Avenue","Conder","29/08/2021 - Sunday","4:20pm","5:00pm","Monitor",-35.4576782,149.0917169,NA,FALSE,"blue",2021-08-29,"Conder",29,35,14
"157",NA,"Oscy's Burgers Tuggeranong","90 Reed Street","Greenway","29/08/2021 - Sunday","6:20pm","7:00pm","Monitor",-35.4174467,149.0683408,NA,FALSE,"blue",2021-08-29,"Greenway",29,35,13
"158",NA,"Piccolo Market Coffee, Fyshwick Fresh Food Markets","36 Mildura Street","Fyshwick","29/08/2021 - Sunday","10:30am","11:10am","Monitor",-35.3237659,149.1558831,NA,FALSE,"blue",2021-08-29,"Fyshwick",29,35,19
"159",NA,"Priceline Pharmacy Woden","Westfield Woden, Keltie Street","Phillip","29/08/2021 - Sunday","12:45pm","2:30pm","Close",-35.3461804,149.0846887,NA,FALSE,"red",2021-08-29,"Phillip",29,35,33
"160",NA,"Reject Shop Cooleman Court Shopping Centre","Brierly Street","Weston","29/08/2021 - Sunday","11:00am","11:50am","Monitor",-35.3412617,149.0525686,NA,FALSE,"blue",2021-08-29,"Weston",29,35,16
"161",NA,"Supabarn Express Watson","5 Watson Place","Watson","29/08/2021 - Sunday","6:00pm","6:40pm","Monitor",-35.2388939,149.1534951,NA,FALSE,"blue",2021-08-29,"Watson",29,35,4
"162",NA,"Woolworths Gungahlin","30 Hibberson Street","Gungahlin","29/08/2021 - Sunday","6:30pm","7:45pm","Casual",-35.1846274,149.1339391,"<strong/>!Location has more than<br> one entry. Zoom in and search table!</strong/>",TRUE,"yellow",2021-08-29,"Gungahlin",29,35,19
"163",NA,"Woolworths Mawson","15 Mawson Place","Mawson","29/08/2021 - Sunday","8:20am","10:00am","Casual",-35.3661449,149.0946446,NA,FALSE,"yellow",2021-08-29,"Mawson",29,35,10
"164",NA,"Woolworths Wanniassa","Erindale Shopping Centre, 50-68 Comrie Street","Wanniassa","29/08/2021 - Sunday","4:50pm","5:35pm","Monitor",-35.4035739,149.098627,NA,FALSE,"blue",2021-08-29,"Wanniassa",29,35,10
"165",NA,"Woolworths Weston Creek","Corner Brierly Street and Mahony Court","Weston","29/08/2021 - Sunday","2:50pm","4:00pm","Casual",-35.340765,149.052681,NA,FALSE,"yellow",2021-08-29,"Weston",29,35,16
"166",NA,"Ziggy's Fruit Market, Fyshwick Fresh Food Markets","36 Mildura Street","Fyshwick","29/08/2021 - Sunday","10:50am","11:35am","Monitor",-35.3241608,149.1547659,NA,FALSE,"blue",2021-08-29,"Fyshwick",29,35,19
"167",NA,"Ampol Foodary Weston","49 Brierly Street","Weston","28/08/2021 - Saturday","5:40pm","6:20pm","Monitor",-35.3402449,149.0520681,NA,FALSE,"blue",2021-08-28,"Weston",28,35,16
"168",NA,"Argyle Housing - Ainslie Village","23 Quick Street","Campbell","28/08/2021 - Saturday","12:00am","11:59pm","Close",-35.2749161,149.1491014,NA,FALSE,"red",2021-08-28,"Campbell",28,35,8
"169",NA,"Bidfood Canberra","16 Mildura Street","Fyshwick","28/08/2021 - Saturday","5:30am","12:30pm","Casual",-35.3226824,149.1527352,NA,FALSE,"yellow",2021-08-28,"Fyshwick",28,35,19
"170",NA,"BP Chisholm","3 Benham Street","Chisholm","28/08/2021 - Saturday","7:15pm","8:00pm","Monitor",-35.4131,149.1282,NA,FALSE,"blue",2021-08-28,"Chisholm",28,35,13
"171",NA,"Canberra Cafe Greenway","Shop 12/ 150-180 Soward Way","Greenway","28/08/2021 - Saturday","12:40pm","1:20pm","Monitor",-35.4175266,149.0685276,NA,FALSE,"blue",2021-08-28,"Greenway",28,35,13
"172",NA,"Cellarbrations Erindale","1/50 Denigan Street","Wanniassa","28/08/2021 - Saturday","7:00pm","8:00pm","Monitor",-35.4038487,149.0964993,NA,FALSE,"blue",2021-08-28,"Wanniassa",28,35,10
"173",NA,"Coles Canberra Centre","Canberra Centre, 148 Bunda Street","Canberra City","28/08/2021 - Saturday","9:30am","10:20am","Casual",-35.2802271,149.1333059,"<strong/>!Location has more than<br> one entry. Zoom in and search table!</strong/>",TRUE,"yellow",2021-08-28,"Canberra City",28,35,21
"174",NA,"Hungry Jacks Gungahlin","Corner Gundaroo Drive and Gibberson Street","Gungahlin","28/08/2021 - Saturday","9:50am","10:40am","Monitor",-35.1834112,149.1267535,NA,FALSE,"blue",2021-08-28,"Gungahlin",28,35,19
"175",NA,"IGA Holt","Holt Place","Holt","28/08/2021 - Saturday","3:30pm","5:00pm","Monitor",-35.224764,149.0116696,NA,FALSE,"blue",2021-08-28,"Holt",28,35,15
"176",NA,"Kingsley's Chicken Kippax","Kippax Fair Shopping Centre, 26 Hardwick Crescent","Holt","28/08/2021 - Saturday","3:30pm","4:20pm","Casual",-35.2226439,149.0200434,NA,FALSE,"yellow",2021-08-28,"Holt",28,35,15
"177",NA,"McDonalds Erindale","Corner Ricardo Street and McBryde Crescent","Wanniassa","28/08/2021 - Saturday","4:45pm","5:40pm","Monitor",-35.4053191,149.0979023,NA,FALSE,"blue",2021-08-28,"Wanniassa",28,35,10
"178",NA,"Oporto Tuggeranong","Tuggeranong South.Point Shopping Centr, 210 Anketell Street","Greenway","28/08/2021 - Saturday","1:40pm","2:20pm","Monitor",-35.4167822,149.0665317,NA,FALSE,"blue",2021-08-28,"Greenway",28,35,13
"179",NA,"Pizza Hut Erindale","Shop 2/38 Gartside Street","Wanniassa","28/08/2021 - Saturday","5:40pm","6:20pm","Monitor",-35.4058987,149.1002583,NA,FALSE,"blue",2021-08-28,"Wanniassa",28,35,10
"180",NA,"Westfield Woden","Westfield Woden, Keltie Street","Phillip","28/08/2021 - Saturday","4:00pm","5:15pm","Monitor",-35.3463199,149.0860326,"<strong/>!Location has more than<br> one entry. Zoom in and search table!</strong/>",TRUE,"blue",2021-08-28,"Phillip",28,35,33
"181",NA,"Westfield Woden","Westfield Woden, Keltie Street","Phillip","28/08/2021 - Saturday","7:45am","5:00pm","Monitor",-35.3463199,149.0861826,NA,FALSE,"blue",2021-08-28,"Phillip",28,35,33
"182",NA,"Woolworths Dickson","1 Dickson Place","Dickson","28/08/2021 - Saturday","9:10am","10:00am","Casual",-35.249974,149.1385751,NA,FALSE,"yellow",2021-08-28,"Dickson",28,35,14
"183",NA,"Woolworths Kippax","Kippax Fair Shopping Centre, 26 Hardwick Crescent","Holt","28/08/2021 - Saturday","3:20pm","4:20pm","Casual",-35.2218013,149.0194613,NA,FALSE,"yellow",2021-08-28,"Holt",28,35,15
"184",NA,"Woolworths Mawson","15 Mawson Place","Mawson","28/08/2021 - Saturday","5:10pm","6:00pm","Casual",-35.3661449,149.0946196,NA,FALSE,"yellow",2021-08-28,"Mawson",28,35,10
"185",NA,"Woolworths Woden","Westfield Woden, Keltie Street","Phillip","28/08/2021 - Saturday","4:10pm","5:15pm","Casual",-35.3463199,149.0859576,NA,FALSE,"yellow",2021-08-28,"Phillip",28,35,33
"186",NA,"Woolworths Woden","Westfield Woden, Keltie Street","Phillip","28/08/2021 - Saturday","4:20pm","5:20pm","Casual",-35.3463199,149.0860826,"<strong/>!Location has more than<br> one entry. Zoom in and search table!</strong/>",TRUE,"yellow",2021-08-28,"Phillip",28,35,33
"187","New","IGA Lyneham","1 Wattle Place","Lyneham","27/08/2021 - Friday","8:00am","8:50am","Monitor",-35.2520717,149.1248594,NA,FALSE,"blue",2021-08-27,"Lyneham",27,35,2
"188",NA,"Argyle Housing - Ainslie Village","23 Quick Street","Campbell","27/08/2021 - Friday","12:00am","11:59pm","Close",-35.2749161,149.1490514,NA,FALSE,"red",2021-08-27,"Campbell",27,35,8
"189",NA,"Australia Post Braddon","2c/32 Mort Street","Braddon","27/08/2021 - Friday","8:40am","9:30am","Monitor",-35.2740906,149.1317585,NA,FALSE,"blue",2021-08-27,"Braddon",27,35,5
"190",NA,"Australia Post Fyshwick","22 Townsville Street","Fyshwick","27/08/2021 - Friday","11:05am","11:50am","Monitor",-35.3282773,149.183094,NA,FALSE,"blue",2021-08-27,"Fyshwick",27,35,19
"191",NA,"Bidfood Canberra","16 Mildura Street","Fyshwick","27/08/2021 - Friday","5:30am","12:30pm","Casual",-35.3226824,149.1528102,NA,FALSE,"yellow",2021-08-27,"Fyshwick",27,35,19
"192",NA,"BP Phillip","166 Melrose Drive","Phillip","27/08/2021 - Friday","11:20am","12:05pm","Monitor",-35.3509,149.085325,NA,FALSE,"blue",2021-08-27,"Phillip",27,35,33
"193",NA,"Canberra Halal Market","Shop 1a, 116 Hardwick Crescent","Holt","27/08/2021 - Friday","12:00pm","12:50pm","Casual",-35.2219216,149.0183338,NA,FALSE,"yellow",2021-08-27,"Holt",27,35,15
"194",NA,"Canturf","14 Cessnock Street","Fyshwick","27/08/2021 - Friday","10:50am","11:40am","Monitor",-35.3198108,149.1719133,NA,FALSE,"blue",2021-08-27,"Fyshwick",27,35,19
"195",NA,"Coles Chisholm","42 Halley Street","Chisholm","27/08/2021 - Friday","1:00pm","1:40pm","Monitor",-35.4141067,149.1282669,NA,FALSE,"blue",2021-08-27,"Chisholm",27,35,13
"196",NA,"Coles Manuka","Franklin Street and Flinders Way","Griffith","27/08/2021 - Friday","11:40am","12:20pm","Monitor",-35.3210247,149.1341696,NA,FALSE,"blue",2021-08-27,"Griffith",27,35,2
"197",NA,"EG Fuel Canberra Gateway","41 Federal Highway","Lyneham","27/08/2021 - Friday","9:45am","10:30am","Monitor",-35.2300948,149.1508365,NA,FALSE,"blue",2021-08-27,"Lyneham",27,35,2
"198",NA,"Grill'd Manuka","1/40-42 Franklin Street","Griffith","27/08/2021 - Friday","11:40am","12:15pm","Monitor",-35.319765,149.1325635,NA,FALSE,"blue",2021-08-27,"Griffith",27,35,2
"199",NA,"Indian Affair","64 Colbee Court","Phillip","27/08/2021 - Friday","6:55pm","7:35pm","Monitor",-35.3526602,149.0878811,NA,FALSE,"blue",2021-08-27,"Phillip",27,35,33
"200",NA,"JAGA Swanson Court","Level 1, 11-17<U+00A0>Swanson Court","Belconnen","27/08/2021 - Friday","10:00am","11:00am","Monitor",-35.2390642,149.0689532,NA,FALSE,"blue",2021-08-27,"Belconnen",27,35,21
"201",NA,"JAGA Swanson Court","Level 1, 11-17 Swanson Court","Belconnen","27/08/2021 - Friday","12:45pm","3:30pm","Casual",-35.2390642,149.0689282,NA,FALSE,"yellow",2021-08-27,"Belconnen",27,35,21
"202",NA,"KFC Woden","48 Botany Street","Phillip","27/08/2021 - Friday","3:50pm","10:00pm","Casual",-35.3493546,149.0887519,NA,FALSE,"yellow",2021-08-27,"Phillip",27,35,33
"203",NA,"Kingsley's Chicken Westfield Woden","Westfield Woden, Keltie Street","Phillip","27/08/2021 - Friday","2:15pm","3:00pm","Monitor",-35.3461343,149.0849866,NA,FALSE,"blue",2021-08-27,"Phillip",27,35,33
"204",NA,"Light Rail Route R1 Transport Canberra Code LRV002","Dickson Interchange to Alinga Street","Public Transport","27/08/2021 - Friday","4:23pm","4:31pm","Casual",-35.250558,149.133714,NA,FALSE,"yellow",2021-08-27,"Public Transport",27,35,16
"205",NA,"Liquorland Woden","Westfield Woden, Keltie Street","Phillip","27/08/2021 - Friday","4:40pm","5:30pm","Monitor",-35.3463199,149.0860076,"<strong/>!Location has more than<br> one entry. Zoom in and search table!</strong/>",TRUE,"blue",2021-08-27,"Phillip",27,35,33
"206",NA,"McDonalds Erindale","Corner Ricardo Street and McBryde Crescent","Wanniassa","27/08/2021 - Friday","5:40pm","6:20pm","Casual",-35.4053191,149.0979523,NA,FALSE,"yellow",2021-08-27,"Wanniassa",27,35,10
"207",NA,"Metro Petroleum Mitchell","Lysaght Street","Mitchell","27/08/2021 - Friday","10:00am","10:50am","Monitor",-35.2154233,149.1424608,NA,FALSE,"blue",2021-08-27,"Mitchell",27,35,4
"208",NA,"Nandos Canberra Centre","Shop FG1, Canberra Centre, 125 Bunda Street","Canberra City","27/08/2021 - Friday","12:00pm","1:00pm","Casual",-35.2779316,149.1329806,"<strong/>!Location has more than<br> one entry. Zoom in and search table!</strong/>",TRUE,"yellow",2021-08-27,"Canberra City",27,35,21
"209",NA,"Officeworks Belconnen","5 Cohen Street","Belconnen","27/08/2021 - Friday","10:25am","11:45am","Casual",-35.2398229,149.0588908,NA,FALSE,"yellow",2021-08-27,"Belconnen",27,35,21
"210",NA,"Oporto Phillip","82 Parramatta Street","Phillip","27/08/2021 - Friday","8:20pm","9:00pm","Monitor",-35.35521,149.0903394,NA,FALSE,"blue",2021-08-27,"Phillip",27,35,33
"211",NA,"Priceline Pharmacy Woden","Shop G98, Westfield Woden","Phillip","27/08/2021 - Friday","8:50am","6:00pm","Close",-35.3461804,149.0846637,NA,FALSE,"red",2021-08-27,"Phillip",27,35,33
"212",NA,"SupaBarn Express Watson","5 Watson Place","Watson","27/08/2021 - Friday","9:40am","11:00am","Casual",-35.2388939,149.1535201,NA,FALSE,"yellow",2021-08-27,"Watson",27,35,4
"213",NA,"TSG Chisholm","Shop 1B, Chisholm Village Shopping Centre, 42 Halley Street","Chisholm","27/08/2021 - Friday","1:20pm","2:00pm","Casual",-35.4140008,149.1281707,NA,FALSE,"yellow",2021-08-27,"Chisholm",27,35,13
"214",NA,"Watson Pharmacy and Australia Post","1 Watson Place","Watson","27/08/2021 - Friday","11:50am","12:40pm","Monitor",-35.2390405,149.1532445,NA,FALSE,"blue",2021-08-27,"Watson",27,35,4
"215",NA,"Westfield Woden","Westfield Woden, Keltie Street","Phillip","27/08/2021 - Friday","7:45am","5:00pm","Monitor",-35.3463199,149.0859826,"<strong/>!Location has more than<br> one entry. Zoom in and search table!</strong/>",TRUE,"blue",2021-08-27,"Phillip",27,35,33
"216",NA,"Woolworths Metro Hawker","Springvale Drive","Hawker","27/08/2021 - Friday","11:45am","12:40pm","Casual",-35.2433647,149.0441492,NA,FALSE,"yellow",2021-08-27,"Hawker",27,35,4
"217",NA,"Woolworths Weston Creek","Corner Brierly Street and Mahony Court","Weston","27/08/2021 - Friday","4:40pm","5:20pm","Monitor",-35.340765,149.052656,NA,FALSE,"blue",2021-08-27,"Weston",27,35,16
"218",NA,"Woolworths Woden","Westfield Woden, Keltie Street","Phillip","27/08/2021 - Friday","7:50am","8:30am","Casual",-35.3463199,149.0861326,NA,FALSE,"yellow",2021-08-27,"Phillip",27,35,33
"219","New","Hawker Discount Drug Store","72-74 Hawker Place","Hawker","27/08/2021 - Friday","11:40am","12:20pm","Monitor",-35.2431655,149.043745,NA,FALSE,"blue",2021-08-27,"Hawker",27,35,4
"220","New","ALDI Canberra Centre","Canberra Centre, 148 Bunda Street","Canberra City","26/08/2021 - Thursday","9:00am","10:00am","Casual",-35.2802271,149.1332559,"<strong/>!Location has more than<br> one entry. Zoom in and search table!</strong/>",TRUE,"yellow",2021-08-26,"Canberra City",26,34,21
"221",NA,"Argyle Housing - Ainslie Village","23 Quick Street","Campbell","26/08/2021 - Thursday","12:00am","11:59pm","Close",-35.2749161,149.1490014,NA,FALSE,"red",2021-08-26,"Campbell",26,34,8
"222",NA,"Argyle Housing - Ainslie Village (Winter Lodge)","23 Quick Street","Campbell","26/08/2021 - Thursday","12:00am","12:00pm","Close",-35.2749161,149.1489514,NA,FALSE,"red",2021-08-26,"Campbell",26,34,8
"223",NA,"Bidfood Canberra","16 Mildura Street","Fyshwick","26/08/2021 - Thursday","5:30am","12:30pm","Casual",-35.3226824,149.1527852,NA,FALSE,"yellow",2021-08-26,"Fyshwick",26,34,19
"224",NA,"Bus Route 22 Transport Canberra Code BUS491","Gungahlin Place to Throsby","Public Transport","26/08/2021 - Thursday","2:50pm","2:56pm","Casual",-35.185639,149.135481,NA,FALSE,"yellow",2021-08-26,"Public Transport",26,34,16
"225",NA,"BWS Mawson","Mawson Place","Mawson","26/08/2021 - Thursday","6:35pm","7:30pm","Monitor",-35.3661405,149.0944118,NA,FALSE,"blue",2021-08-26,"Mawson",26,34,10
"226",NA,"BWS Weston Creek","Corner Brierly Steret and Mahoney Crescent","Weston","26/08/2021 - Thursday","7:00pm","7:30pm","Monitor",-35.3407803,149.052656,NA,FALSE,"blue",2021-08-26,"Weston",26,34,16
"227",NA,"Cellarbrations Belconnen","Luxton Street and Josephson Street","Belconnen","26/08/2021 - Thursday","10:40pm","11:00pm","Monitor",-35.2363189,149.0594735,NA,FALSE,"blue",2021-08-26,"Belconnen",26,34,21
"228",NA,"Cellarbrations Gungahlin","24-30 Ernest Cavanagh Street","Gungahlin","26/08/2021 - Thursday","8:00pm","8:45pm","Monitor",-35.1840542,149.1311825,NA,FALSE,"blue",2021-08-26,"Gungahlin",26,34,19
"229",NA,"Coffee Guru Lanyon","Lanyon Marketplace, 4 Sidney Nolan Street","Conder","26/08/2021 - Thursday","3:10pm","3:50pm","Monitor",-35.4572114,149.0924379,NA,FALSE,"blue",2021-08-26,"Conder",26,34,14
"230",NA,"Coles Canberra Centre","Canberra Centre, 148 Bunda Street","Canberra City","26/08/2021 - Thursday","11:50am","12:30pm","Casual",-35.2802271,149.1332559,"<strong/>!Location has more than<br> one entry. Zoom in and search table!</strong/>",TRUE,"yellow",2021-08-26,"Canberra City",26,34,21
"231",NA,"Domino's Pizza Mawson","9/93 Mawson Place","Mawson","26/08/2021 - Thursday","1:30pm","2:00pm","Casual",-35.3649944,149.094,NA,FALSE,"yellow",2021-08-26,"Mawson",26,34,10
"232",NA,"Espresso Room Westfield Woden","Westfield Woden, Keltie Street","Phillip","26/08/2021 - Thursday","2:00pm","2:45pm","Monitor",-35.3461117,149.0865575,NA,FALSE,"blue",2021-08-26,"Phillip",26,34,33
"233",NA,"Garema Place Surgery","Level 1, Florina Building, Garema Place","Canberra City","26/08/2021 - Thursday","11:00am","12:20pm","Casual",-35.2785694,149.1320639,NA,FALSE,"yellow",2021-08-26,"Canberra City",26,34,21
"234",NA,"Goodberry's Erindale","2/20 Gartside Street","Wanniassa","26/08/2021 - Thursday","2:20pm","3:00pm","Monitor",-35.4058291,149.0994548,NA,FALSE,"blue",2021-08-26,"Wanniassa",26,34,10
"235",NA,"GP Respiratory Clinic","5 Baratta Street","Crace","26/08/2021 - Thursday","1:50pm","2:50pm","Casual",-35.1993963,149.1024268,NA,FALSE,"yellow",2021-08-26,"Crace",26,34,1
"236",NA,"IGA X-press Palmerston","2/16A Kosciuszko Avenue","Palmerston","26/08/2021 - Thursday","4:10pm","5:00pm","Monitor",-35.1973821,149.1182786,NA,FALSE,"blue",2021-08-26,"Palmerston",26,34,3
"237",NA,"JAGA Swanson Court","Level 1, 11-17 Swanson Court","Belconnen","26/08/2021 - Thursday","4:00pm","6:00pm","Casual",-35.2390642,149.0689032,NA,FALSE,"yellow",2021-08-26,"Belconnen",26,34,21
"238",NA,"Kingsley's Chicken Conder","Lanyon Marketplace, 4 Sidney Nolan Street","Conder","26/08/2021 - Thursday","3:40pm","4:30pm","Monitor",-35.457682,149.0924997,NA,FALSE,"blue",2021-08-26,"Conder",26,34,14
"239",NA,"Kingsley's Chicken Westfield Woden","Westfield Woden, Keltie Street","Phillip","26/08/2021 - Thursday","2:00pm","2:40pm","Monitor",-35.3461343,149.0850366,NA,FALSE,"blue",2021-08-26,"Phillip",26,34,33
"240",NA,"Lanyon Newsagency & Gift Shop","Lanyon Marketplace, 4 Sidney Nolan Street","Conder","26/08/2021 - Thursday","3:40pm","4:30pm","Monitor",-35.4576067,149.0924916,NA,FALSE,"blue",2021-08-26,"Conder",26,34,14
"241",NA,"Lanyon Newsagency & Gift Shop","Lanyon Marketplace, 4 Sidney Nolan Street","Conder","26/08/2021 - Thursday","5:00pm","6:00pm","Monitor",-35.4576067,149.0925416,NA,FALSE,"blue",2021-08-26,"Conder",26,34,14
"242",NA,"Light Rail Route R1 Transport Canberra Code LRV009","Gungahlin to Manning Clark North","Public Transport","26/08/2021 - Thursday","5:01pm","5:03pm","Casual",-35.2809368,149.1299842,NA,FALSE,"yellow",2021-08-26,"Public Transport",26,34,16
"243",NA,"Officeworks Braddon","30 Mort Street","Braddon","26/08/2021 - Thursday","2:50pm","4:00pm","Casual",-35.2742758,149.1314656,NA,FALSE,"yellow",2021-08-26,"Braddon",26,34,5
"244",NA,"On-Lake Cafe","Bowen Park, Bowen Drive","Barton","26/08/2021 - Thursday","12:55pm","1:45pm","Casual",-35.3080478,149.1399574,NA,FALSE,"yellow",2021-08-26,"Barton",26,34,1
"245",NA,"Priceline Pharmacy Woden","Shop G98, Westfield Woden","Phillip","26/08/2021 - Thursday","9:15am","6:00pm","Close",-35.3461804,149.0846137,NA,FALSE,"red",2021-08-26,"Phillip",26,34,33
"246",NA,"Saint Clare of Assisi Outside School Hours Care (OSHC)","Box Hill Avenue and Heidelberg Street","Conder","26/08/2021 - Thursday","4:00pm","4:30pm","Casual",-35.458748,149.0966339,NA,FALSE,"yellow",2021-08-26,"Conder",26,34,14
"247",NA,"Saint Clare of Assisi Outside School Hours Care (OSHC)","Box Hill Avenue and Heidelberg Street","Conder","26/08/2021 - Thursday","8:00am","8:30am","Casual",-35.458748,149.0966839,NA,FALSE,"yellow",2021-08-26,"Conder",26,34,14
"248",NA,"Saint Clare of Assisi Primary School","Box Hill Avenue and Heidelberg Street","Conder","26/08/2021 - Thursday","8:00am","3:30pm","Close",-35.458748,149.0967339,NA,FALSE,"red",2021-08-26,"Conder",26,34,14
"249",NA,"San Churro Woden","Westfield Woden, Keltie Street","Woden","26/08/2021 - Thursday","7:00pm","8:00pm","Monitor",-35.346255,149.0874013,NA,FALSE,"blue",2021-08-26,"Woden",26,34,2
"250",NA,"SupaBarn Express Watson","5 Watson Place","Watson","26/08/2021 - Thursday","9:30am","10:30am","Casual",-35.2388939,149.1535451,NA,FALSE,"yellow",2021-08-26,"Watson",26,34,4
"251",NA,"Sushi Island Lanyon","14/3 Sidney Nolan St","Conder","26/08/2021 - Thursday","3:50pm","4:30pm","Monitor",-35.457306,149.0924549,NA,FALSE,"blue",2021-08-26,"Conder",26,34,14
"252",NA,"The Bottle O-Mitchell","Brookes Street","Mitchell","26/08/2021 - Thursday","2:50pm","3:30pm","Monitor",-35.2177696,149.1406402,NA,FALSE,"blue",2021-08-26,"Mitchell",26,34,4
"253",NA,"The Meadows Original Frozen Custard","127/3 Clare Burton Crescent","Franklin","26/08/2021 - Thursday","4:50pm","5:30pm","Monitor",-35.1996245,149.1486234,NA,FALSE,"blue",2021-08-26,"Franklin",26,34,2
"254",NA,"The Pharmacy on Petrie","148 Bunda Street","Canberra City","26/08/2021 - Thursday","10:50am","11:30am","Monitor",-35.2788096,149.1335326,NA,FALSE,"blue",2021-08-26,"Canberra City",26,34,21
"255",NA,"Westfield Woden","Westfield Woden, Keltie Street","Phillip","26/08/2021 - Thursday","7:45am","5:00pm","Monitor",-35.3463199,149.0859076,NA,FALSE,"blue",2021-08-26,"Phillip",26,34,33
"256",NA,"Westpac Canberra Centre","148 Bunda Street","Canberra City","26/08/2021 - Thursday","10:30am","11:20am","Monitor",-35.2793606,149.1328989,NA,FALSE,"blue",2021-08-26,"Canberra City",26,34,21
"257",NA,"Woolworths Conder","Lanyon Marketplace, 4 Sidney Nolan Street","Conder","26/08/2021 - Thursday","3:15pm","4:10pm","Casual",-35.457682,149.0924497,NA,FALSE,"yellow",2021-08-26,"Conder",26,34,14
"258",NA,"Woolworths Metro Hawker","Springvale Drive","Hawker","26/08/2021 - Thursday","7:10pm","8:00pm","Casual",-35.2433647,149.0440992,NA,FALSE,"yellow",2021-08-26,"Hawker",26,34,4
"259",NA,"Woolworths Weston Creek","Corner Brierly Street and Mahoney Crescent","Weston","26/08/2021 - Thursday","6:45pm","7:30pm","Monitor",-35.340765,149.052606,NA,FALSE,"blue",2021-08-26,"Weston",26,34,16
"260",NA,"Woolworths Woden","Westfield Woden, Keltie Street","Phillip","26/08/2021 - Thursday","1:20pm","2:10pm","Casual",-35.3463199,149.0859826,NA,FALSE,"yellow",2021-08-26,"Phillip",26,34,33
"261",NA,"Woolworths Woden","Westfield Woden, Keltie Street","Phillip","26/08/2021 - Thursday","7:45am","8:30am","Casual",-35.3463199,149.0859326,NA,FALSE,"yellow",2021-08-26,"Phillip",26,34,33
"262",NA,"ALDI Chisholm","36 Benham Street","Chisholm","25/08/2021 - Wednesday","11:45am","1:15pm","Casual",-35.4148128,149.1293436,NA,FALSE,"yellow",2021-08-25,"Chisholm",25,34,13
"263",NA,"Argyle Housing - Ainslie Village","23 Quick Street","Campbell","25/08/2021 - Wednesday","12:00am","11:59pm","Close",-35.2749161,149.1489264,NA,FALSE,"red",2021-08-25,"Campbell",25,34,8
"264",NA,"Argyle Housing - Ainslie Village (Winter Lodge)","23 Quick Street","Campbell","25/08/2021 - Wednesday","12:00am","11:59pm","Close",-35.2749161,149.1490264,NA,FALSE,"red",2021-08-25,"Campbell",25,34,8
"265",NA,"Australia Post Gungahlin","46 Hibberson Street","Gungahlin","25/08/2021 - Wednesday","3:00pm","3:45pm","Monitor",-35.1860759,149.136856,NA,FALSE,"blue",2021-08-25,"Gungahlin",25,34,19
"266",NA,"Best Friends Pets Fyshwick","1 Barrier Street","Fyshwick","25/08/2021 - Wednesday","5:15pm","6:00pm","Monitor",-35.3319261,149.1769325,NA,FALSE,"blue",2021-08-25,"Fyshwick",25,34,19
"267",NA,"Bidfood Canberra","16 Mildura Street","Fyshwick","25/08/2021 - Wednesday","5:30am","12:30pm","Casual",-35.3226824,149.1529102,NA,FALSE,"yellow",2021-08-25,"Fyshwick",25,34,19
"268",NA,"Calwell Shopping Centre","7 Webber Crescent","Calwell","25/08/2021 - Wednesday","9:25am","10:05am","Monitor",-35.434588,149.114126,NA,FALSE,"blue",2021-08-25,"Calwell",25,34,3
"269",NA,"Cellarbrations Gungahlin","24-30 Ernest Cavanagh Street","Gungahlin","25/08/2021 - Wednesday","8:30pm","9:20pm","Monitor",-35.1840542,149.1312325,NA,FALSE,"blue",2021-08-25,"Gungahlin",25,34,19
"270",NA,"Clay.","2 David Street","Turner","25/08/2021 - Wednesday","10:20am","11:30am","Monitor",-35.2607149,149.1310991,NA,FALSE,"blue",2021-08-25,"Turner",25,34,1
"271",NA,"Coles Chisholm","42 Halley Street","Chisholm","25/08/2021 - Wednesday","12:30pm","1:45pm","Casual",-35.4141067,149.1282919,NA,FALSE,"yellow",2021-08-25,"Chisholm",25,34,13
"272",NA,"Coles Chisholm","42 Halley Street","Chisholm","25/08/2021 - Wednesday","5:20am","5:30pm","Casual",-35.4141067,149.1283169,NA,FALSE,"yellow",2021-08-25,"Chisholm",25,34,13
"273",NA,"Coles Jamison","Jamison Plaza, Bowman Street","Macquarie","25/08/2021 - Wednesday","10:55am","11:35am","Monitor",-35.2528076,149.0713598,NA,FALSE,"blue",2021-08-25,"Macquarie",25,34,5
"274",NA,"Costco Canberra","39-41 Mustang Avenue","Majura Park","25/08/2021 - Wednesday","4:00pm","5:40pm","Casual",-35.2972375,149.1905589,NA,FALSE,"yellow",2021-08-25,"Majura Park",25,34,3
"275",NA,"Costco Canberra","39-41 Mustang Avenue","Majura Park","25/08/2021 - Wednesday","4:15pm","5:15pm","Casual",-35.2972375,149.1906089,NA,FALSE,"yellow",2021-08-25,"Majura Park",25,34,3
"276",NA,"Grill'd Belconnen","301 Benjamin Way","Belconnen","25/08/2021 - Wednesday","7:40pm","8:10pm","Monitor",-35.2380489,149.0634587,NA,FALSE,"blue",2021-08-25,"Belconnen",25,34,21
"277",NA,"Jamison Plaza News","Jamison Plaza, Bowman Street","Macquarie","25/08/2021 - Wednesday","11:00am","11:40am","Monitor",-35.2528357,149.0717286,"<strong/>!Location has more than<br> one entry. Zoom in and search table!</strong/>",TRUE,"blue",2021-08-25,"Macquarie",25,34,5
"278",NA,"Optus Canberra Centre","Shop AG12B, Canberra Centre, 148 Bunda Street","Canberra City","25/08/2021 - Wednesday","2:40pm","3:30pm","Casual",-35.2802271,149.1332059,NA,FALSE,"yellow",2021-08-25,"Canberra City",25,34,21
"279",NA,"Petbarn Majura Park","15 Mustange Avenue","Majura Park","25/08/2021 - Wednesday","5:00pm","5:50pm","Monitor",-35.2949224,149.1906592,NA,FALSE,"blue",2021-08-25,"Majura Park",25,34,3
"280",NA,"Priceline Pharmacy Tuggeranong","Hyperdome Shopping Centre, 148 Anketell Street","Greenway","25/08/2021 - Wednesday","3:00pm","4:00pm","Monitor",-35.4159229,149.066643,NA,FALSE,"blue",2021-08-25,"Greenway",25,34,13
"281",NA,"The Chifley Grocer","20-22 Chifley Place","Chifley","25/08/2021 - Wednesday","11:40am","12:30pm","Monitor",-35.3525033,149.076082,NA,FALSE,"blue",2021-08-25,"Chifley",25,34,1
"282",NA,"Tikka Take","Shop 6/21 Genge Street","Canberra City","25/08/2021 - Wednesday","7:30pm","8:30pm","Monitor",-35.2763451,149.1321222,NA,FALSE,"blue",2021-08-25,"Canberra City",25,34,21
"283",NA,"Total Tools Fyshwick","103 Gladstone Street","Fyshwick","25/08/2021 - Wednesday","10:15am","11:10am","Monitor",-35.3221611,149.1807051,NA,FALSE,"blue",2021-08-25,"Fyshwick",25,34,19
"284",NA,"Universal Phone Services Canberra Centre","Shop AG14, Canberra Centre, 148 Bunda Street","Canberra City","25/08/2021 - Wednesday","2:50pm","3:45pm","Monitor",-35.2789692,149.1338786,NA,FALSE,"blue",2021-08-25,"Canberra City",25,34,21
"285",NA,"Wokitup! Kippax","118 Hardwick Crescent","Holt","25/08/2021 - Wednesday","6:50pm","7:30pm","Monitor",-35.2221293,149.0184444,NA,FALSE,"blue",2021-08-25,"Holt",25,34,15
"286",NA,"Woolworths Conder","Lanyon Marketplace, 4 Sidney Nolan Street","Conder","25/08/2021 - Wednesday","5:00pm","6:30pm","Casual",-35.457682,149.0924247,NA,FALSE,"yellow",2021-08-25,"Conder",25,34,14
"287","New","ALDI Canberra Centre","Canberra Centre, 148 Bunda Street","Canberra City","24/08/2021 - Tuesday","10:20am","11:15am","Casual",-35.2802271,149.1332059,"<strong/>!Location has more than<br> one entry. Zoom in and search table!</strong/>",TRUE,"yellow",2021-08-24,"Canberra City",24,34,21
"288","New","Woolworths Kippax","Kippax Fair Shopping Centre, 26 Hardwick Crescent","Holt","24/08/2021 - Tuesday","4:20pm","5:15pm","Casual",-35.2218013,149.0193613,NA,FALSE,"yellow",2021-08-24,"Holt",24,34,15
"289",NA,"ALDI Amaroo","12 Pioneer Street","Amaroo","24/08/2021 - Tuesday","4:15pm","5:00pm","Monitor",-35.1652442,149.132407,NA,FALSE,"blue",2021-08-24,"Amaroo",24,34,4
"290",NA,"ALDI Amaroo","12 Pioneer Street","Amaroo","24/08/2021 - Tuesday","5:40pm","6:30pm","Monitor",-35.1652442,149.132357,NA,FALSE,"blue",2021-08-24,"Amaroo",24,34,4
"291",NA,"ALDI Casey","Casey Market Town, 15 Kingsland Parade","Casey","24/08/2021 - Tuesday","3:50pm","4:40pm","Monitor",-35.17447,149.0958699,NA,FALSE,"blue",2021-08-24,"Casey",24,34,10
"292",NA,"Bunnings Gungahlin","10 Gribble Street","Gungahlin","24/08/2021 - Tuesday","11:30am","12:45pm","Casual",-35.1838713,149.1303389,NA,FALSE,"yellow",2021-08-24,"Gungahlin",24,34,19
"293",NA,"Chemist Warehouse Gungahlin","30 Hibberson Street","Gungahlin","24/08/2021 - Tuesday","2:10pm","3:00pm","Monitor",-35.1856574,149.1328237,NA,FALSE,"blue",2021-08-24,"Gungahlin",24,34,19
"294",NA,"Chemist Warehouse Woden","24 Corinna Street","Woden","24/08/2021 - Tuesday","2:30pm","4:00pm","Monitor",-35.345342,149.0837802,NA,FALSE,"blue",2021-08-24,"Woden",24,34,2
"295",NA,"Coles Chisholm","42 Halley Street","Chisholm","24/08/2021 - Tuesday","5:20am","6:00pm","Casual",-35.4141067,149.1281919,NA,FALSE,"yellow",2021-08-24,"Chisholm",24,34,13
"296",NA,"Coles Gungahlin","Gungahlin Place","Gungahlin","24/08/2021 - Tuesday","2:40pm","3:30pm","Monitor",-35.1862806,149.136017,NA,FALSE,"blue",2021-08-24,"Gungahlin",24,34,19
"297",NA,"Evatt Newsagency","3 Heydon Place","Evatt","24/08/2021 - Tuesday","9:20am","10:00am","Monitor",-35.2090866,149.0734589,NA,FALSE,"blue",2021-08-24,"Evatt",24,34,1
"298",NA,"IGA Holt","Holt Place","Holt","24/08/2021 - Tuesday","1:40pm","3:30pm","Casual",-35.224764,149.0116196,NA,FALSE,"yellow",2021-08-24,"Holt",24,34,15
"299",NA,"KFC Dickson","81 Woolley Street","Dickson","24/08/2021 - Tuesday","9:40am","4:30pm","Casual",-35.2495219,149.1375476,NA,FALSE,"yellow",2021-08-24,"Dickson",24,34,14
"300",NA,"Master Kebabs","50 Denigan Street","Wanniassa","24/08/2021 - Tuesday","5:40pm","6:50pm","Casual",-35.4038975,149.0968017,NA,FALSE,"yellow",2021-08-24,"Wanniassa",24,34,10
"301",NA,"Mirchi Indian Cuisine","4 Riley Close","Ngunnawal","24/08/2021 - Tuesday","4:00pm","10:30pm","Close",-35.1744,149.120057,NA,FALSE,"red",2021-08-24,"Ngunnawal",24,34,2
"302",NA,"Priceline Pharmacy Casey","Casey Market Town, 15 Kingsland Parade","Casey","24/08/2021 - Tuesday","3:40pm","4:30pm","Monitor",-35.1741815,149.0958006,NA,FALSE,"blue",2021-08-24,"Casey",24,34,10
"303",NA,"Services Australia (Entire building, refer to Casual Contacts entry if attended Level 4)","57 Athllon Drive","Greenway","24/08/2021 - Tuesday","8:00am","2:00pm","Monitor",-35.421141,149.0654239,NA,FALSE,"blue",2021-08-24,"Greenway",24,34,13
"304",NA,"Services Australia (Level 4)","57 Athllon Drive","Greenway","24/08/2021 - Tuesday","8:00am","2:00pm","Casual",-35.4210739,149.0650384,NA,FALSE,"yellow",2021-08-24,"Greenway",24,34,13
"305",NA,"The Public Place","Chisholm Village Shopping Centre, 42 Halley Street","Chisholm","24/08/2021 - Tuesday","10:00am","10:40am","Monitor",-35.4140211,149.1284203,NA,FALSE,"blue",2021-08-24,"Chisholm",24,34,13
"306",NA,"Woolworths Gungahlin","30/33 Hibberson Street","Gungahlin","24/08/2021 - Tuesday","2:20pm","3:20pm","Casual",-35.1846274,149.1339141,NA,FALSE,"yellow",2021-08-24,"Gungahlin",24,34,19
"307",NA,"Woolworths Kippax","Kippax Fair Shopping Centre, 26 Hardwick Crescent","Holt","24/08/2021 - Tuesday","6:20pm","7:10pm","Monitor",-35.2218013,149.0193863,"<strong/>!Location has more than<br> one entry. Zoom in and search table!</strong/>",TRUE,"blue",2021-08-24,"Holt",24,34,15
"308","New","ALDI Canberra Centre","Canberra Centre, 148 Bunda Street","Canberra City","23/08/2021 - Monday","11:45am","12:30pm","Casual",-35.2802271,149.1331809,NA,FALSE,"yellow",2021-08-23,"Canberra City",23,34,21
"309",NA,"7-Eleven Casey","Casey Market Town, 10 Kingsland Parade","Casey","23/08/2021 - Monday","5:00pm","6:00pm","Monitor",-35.175773,149.0957326,NA,FALSE,"blue",2021-08-23,"Casey",23,34,10
"310",NA,"ALDI Casey","Casey Market Town, 15 Kingsland Parade","Casey","23/08/2021 - Monday","5:10pm","6:00pm","Monitor",-35.17447,149.0958449,NA,FALSE,"blue",2021-08-23,"Casey",23,34,10
"311",NA,"Belconnen Discount Pharmacy (Priceline)","1-5 Chandler Street","Belconnen","23/08/2021 - Monday","1:10pm","2:20pm","Casual",-35.2374413,149.0681461,NA,FALSE,"yellow",2021-08-23,"Belconnen",23,34,21
"312",NA,"Coles Chisholm","42 Halley Street","Chisholm","23/08/2021 - Monday","3:50am","6:00pm","Casual",-35.4141067,149.1281669,NA,FALSE,"yellow",2021-08-23,"Chisholm",23,34,13
"313",NA,"Coles Tuggeranong","Pitman Street","Greenway","23/08/2021 - Monday","10:10am","11:10am","Casual",-35.4175813,149.0669229,NA,FALSE,"yellow",2021-08-23,"Greenway",23,34,13
"314",NA,"Gerald Slaven Ford Phillip","29 Botany Street","Phillip","23/08/2021 - Monday","8:30am","9:30am","Casual",-35.3503316,149.087943,NA,FALSE,"yellow",2021-08-23,"Phillip",23,34,33
"315",NA,"KFC Dickson","81 Woolley Street","Dickson","23/08/2021 - Monday","10:45am","4:30pm","Casual",-35.2495219,149.1375976,NA,FALSE,"yellow",2021-08-23,"Dickson",23,34,14
"316",NA,"Liquorland Tuggeranong","Corner Northern Street and Western Street","Greenway","23/08/2021 - Monday","10:30am","11:15am","Monitor",-35.4170687,149.0675083,NA,FALSE,"blue",2021-08-23,"Greenway",23,34,13
"317",NA,"Mirchi Indian Cuisine","4 Riley Close","Ngunnawal","23/08/2021 - Monday","4:00pm","10:30pm","Close",-35.1744,149.120107,NA,FALSE,"red",2021-08-23,"Ngunnawal",23,34,2
"318",NA,"Priceline Pharmacy Casey","Casey Market Town, 15 Kingsland Parade","Casey","23/08/2021 - Monday","5:20pm","5:50pm","Monitor",-35.1741815,149.0958506,NA,FALSE,"blue",2021-08-23,"Casey",23,34,10
"319",NA,"Priceline Pharmacy Tuggeranong","148 Anketell Street","Greenway","23/08/2021 - Monday","10:00am","10:45am","Monitor",-35.4159229,149.066668,NA,FALSE,"blue",2021-08-23,"Greenway",23,34,13
"320",NA,"Samiuz","3/57 Benjamin Way","Belconnen","23/08/2021 - Monday","6:20pm","7:30pm","Monitor",-35.2424406,149.0678155,NA,FALSE,"blue",2021-08-23,"Belconnen",23,34,21
"321",NA,"Service Australia (Calypso Cafe)","57 Athllon Drive","Greenway","23/08/2021 - Monday","12:00pm","2:00pm","Casual",-35.421141,149.0655239,NA,FALSE,"yellow",2021-08-23,"Greenway",23,34,13
"322",NA,"Services Australia (Entire building, refer to Casual Contacts entry if attended Level 4)","57 Athllon Drive","Greenway","23/08/2021 - Monday","8:00am","5:00pm","Monitor",-35.421141,149.0654739,NA,FALSE,"blue",2021-08-23,"Greenway",23,34,13
"323",NA,"Services Australia (Level 4)","57 Athllon Drive","Greenway","23/08/2021 - Monday","8:00am","5:00pm","Casual",-35.4210739,149.0650884,NA,FALSE,"yellow",2021-08-23,"Greenway",23,34,13
"324",NA,"Supabarn Casey","Casey Market Town, 15 Kingsland Parade","Casey","23/08/2021 - Monday","5:20pm","6:15pm","Casual",-35.1741413,149.0960004,NA,FALSE,"yellow",2021-08-23,"Casey",23,34,10
"325",NA,"Universal Phone Services Canberra Centre","Shop AG14, Canberra Centre, 148 Bunda Street","Canberra City","23/08/2021 - Monday","10:35am","11:30am","Casual",-35.2789692,149.1339286,NA,FALSE,"yellow",2021-08-23,"Canberra City",23,34,21
"326",NA,"Woolworths Kippax","48 Hardwick Crescent","Holt","23/08/2021 - Monday","11:55am","12:50pm","Casual",-35.2228703,149.0201977,NA,FALSE,"yellow",2021-08-23,"Holt",23,34,15
"327",NA,"Woolworths Kippax","48 Hardwick Crescent","Holt","23/08/2021 - Monday","2:40pm","3:35pm","Monitor",-35.2228703,149.0201477,NA,FALSE,"blue",2021-08-23,"Holt",23,34,15
